municipality,primary_county,population_est_2022,median_income,latitude,longitude,coordinates,east_west,municipality_profile
Roanoke,Denton,9943,98027,33.0040126,-97.2258483,"[33.0040126, -97.2258483]",east,https://directory.tml.org/profile/city/812
Sanger,Denton,9721,98027,33.3631705,-97.1739027,"[33.3631705, -97.1739027]",east,https://directory.tml.org/profile/city/630
Lago Vista,Travis,9692,84519,30.4601975,-97.9883477,"[30.4601975, -97.9883477]",east,https://directory.tml.org/profile/city/1022
Vidor,Orange,9678,65908,30.1316001,-94.0154541,"[30.1316001, -94.0154541]",east,https://directory.tml.org/profile/city/530
Helotes,Bexar,9597,63014,29.5611837,-98.6802212,"[29.5611837, -98.6802212]",east,https://directory.tml.org/profile/city/619
Woodway,McLennan,9585,58524,31.5059998,-97.2050055,"[31.5059998, -97.2050055]",east,https://directory.tml.org/profile/city/572
Bridge City,Orange,9574,65908,30.0207678,-93.8457255,"[30.0207678, -93.8457255]",east,https://directory.tml.org/profile/city/1359
Dayton,Liberty,9375,57174,30.0466051,-94.8852026,"[30.0466051, -94.8852026]",east,https://directory.tml.org/profile/city/1231
Kennedale,Tarrant,9329,71399,32.646801,-97.2258465,"[32.646801, -97.2258465]",east,https://directory.tml.org/profile/city/1007
Jacinto City,Harris,9318,63539,29.7677258,-95.2338319,"[29.7677258, -95.2338319]",east,https://directory.tml.org/profile/city/984
Commerce,Hunt,9282,58326,33.2472808,-95.9114704,"[33.2472808, -95.9114704]",east,https://directory.tml.org/profile/city/1200
Whitehouse,Smith,9154,62903,32.2268212,-95.2255041,"[32.2268212, -95.2255041]",east,https://directory.tml.org/profile/city/554
Liberty Hill,Williamson,9099,96653,30.6649119,-97.9225161,"[30.6649119, -97.9225161]",east,https://directory.tml.org/profile/city/472
Mont Belvieu,Chambers,8946,89767,29.8477222,-94.890758,"[29.8477222, -94.890758]",east,https://directory.tml.org/profile/city/898
Bee Cave,Travis,8853,84519,30.306098,-97.9523768,"[30.306098, -97.9523768]",east,https://directory.tml.org/profile/city/1440
Aransas Pass,Nueces,8779,59337,27.909532,-97.1505561,"[27.909532, -97.1505561]",east,https://directory.tml.org/profile/city/1291
Wharton,Wharton,8736,56522,29.3116366,-96.1027371,"[29.3116366, -96.1027371]",east,https://directory.tml.org/profile/city/550
Joshua,Johnson,8667,76226,32.4615291,-97.3880731,"[32.4615291, -97.3880731]",east,https://directory.tml.org/profile/city/995
Liberty,Liberty,8636,57174,30.057993,-94.7954783,"[30.057993, -94.7954783]",east,https://directory.tml.org/profile/city/1049
Hillsboro,Hill,8548,52495,32.0109886,-97.1300061,"[32.0109886, -97.1300061]",east,https://directory.tml.org/profile/city/1168
Cleveland,Liberty,8503,57174,30.34132,-95.0854885,"[30.34132, -95.0854885]",east,https://directory.tml.org/profile/city/1187
Lucas,Collin,8461,102119,33.0842854,-96.5766577,"[33.0842854, -96.5766577]",east,https://directory.tml.org/profile/city/463
Prairie View,Waller,8420,65437,30.0932737,-95.9877339,"[30.0932737, -95.9877339]",east,https://directory.tml.org/profile/city/781
Navasota,Grimes,8417,52540,30.3879845,-96.0877349,"[30.3879845, -96.0877349]",east,https://directory.tml.org/profile/city/920
Richland Hills,Tarrant,8407,71399,32.8091672,-97.2316869,"[32.8091672, -97.2316869]",east,https://directory.tml.org/profile/city/418
Kaufman,Kaufman,8388,73660,32.5890238,-96.3088693,"[32.5890238, -96.3088693]",east,https://directory.tml.org/profile/city/1001
Los Fresnos,Cameron,8215,46436,26.0717438,-97.4763733,"[26.0717438, -97.4763733]",east,https://directory.tml.org/profile/city/848
Cuero,DeWitt,8106,54279,29.0938652,-97.2891568,"[29.0938652, -97.2891568]",east,https://directory.tml.org/profile/city/1222
Kirby,Bexar,8087,63014,29.4596134,-98.3812895,"[29.4596134, -98.3812895]",east,https://directory.tml.org/profile/city/1012
Floresville,Wilson,8050,78794,29.1335781,-98.1561192,"[29.1335781, -98.1561192]",east,https://directory.tml.org/profile/city/1079
Aubrey,Denton,7966,98027,33.3042834,-96.986118,"[33.3042834, -96.986118]",east,https://directory.tml.org/profile/city/1300
Lake Dallas,Denton,7830,98027,33.1192875,-97.0255641,"[33.1192875, -97.0255641]",east,https://directory.tml.org/profile/city/1025
Hitchcock,Galveston,7642,77627,29.3482905,-95.0160368,"[29.3482905, -95.0160368]",east,https://directory.tml.org/profile/city/953
Jersey Village,Harris,7602,63539,29.887725,-95.5629984,"[29.887725, -95.5629984]",east,https://directory.tml.org/profile/city/990
Alamo Heights,Bexar,7530,63014,29.4830401,-98.4662358,"[29.4830401, -98.4662358]",east,https://directory.tml.org/profile/city/1717
River Oaks,Tarrant,7440,71399,32.7770737,-97.394463,"[32.7770737, -97.394463]",east,https://directory.tml.org/profile/city/810
Jasper,Jasper,7423,50038,30.920823,-93.9968812,"[30.920823, -93.9968812]",east,https://directory.tml.org/profile/city/988
Marble Falls,Burnet,7423,72510,30.5782297,-98.2729184,"[30.5782297, -98.2729184]",east,https://directory.tml.org/profile/city/865
Lacy-Lakeview,McLennan,7293,58524,31.629214,-97.1030391,"[31.629214, -97.1030391]",east,https://directory.tml.org/profile/city/1019
Gonzales,Gonzales,7196,48164,29.5016257,-97.4524926,"[29.5016257, -97.4524926]",east,https://directory.tml.org/profile/city/1116
Dripping Springs,Hays,7057,79336,30.1902067,-98.0866781,"[30.1902067, -98.0866781]",east,https://directory.tml.org/profile/city/617
Sealy,Austin,6956,68150,29.7807878,-96.1571833,"[29.7807878, -96.1571833]",east,https://directory.tml.org/profile/city/647
Josephine,Collin,6944,102119,33.0610411,-96.3094954,"[33.0610411, -96.3094954]",east,https://directory.tml.org/profile/city/994
Willis,Montgomery,6939,87831,30.4249276,-95.4799418,"[30.4249276, -95.4799418]",east,https://directory.tml.org/profile/city/561
Mexia,Limestone,6868,50381,31.6798895,-96.482203,"[31.6798895, -96.482203]",east,https://directory.tml.org/profile/city/888
Silsbee,Hardin,6864,67183,30.3490976,-94.1779624,"[30.3490976, -94.1779624]",east,https://directory.tml.org/profile/city/661
La Feria,Cameron,6805,46436,26.1591043,-97.824093,"[26.1591043, -97.824093]",east,https://directory.tml.org/profile/city/1021
Nolanville,Bell,6745,58878,31.0787888,-97.6055693,"[31.0787888, -97.6055693]",east,https://directory.tml.org/profile/city/935
Keene,Johnson,6728,76226,32.3968092,-97.3239042,"[32.3968092, -97.3239042]",east,https://directory.tml.org/profile/city/1002
Burnet,Burnet,6710,72510,30.7582376,-98.2283585,"[30.7582376, -98.2283585]",east,https://directory.tml.org/profile/city/1370
Lindale,Smith,6660,62903,32.5156971,-95.4093998,"[32.5156971, -95.4093998]",east,https://directory.tml.org/profile/city/1050
Carthage,Panola,6562,54244,32.1573841,-94.3374199,"[32.1573841, -94.3374199]",east,https://directory.tml.org/profile/city/1386
Lavon,Collin,6517,102119,33.0276193,-96.4341524,"[33.0276193, -96.4341524]",east,https://directory.tml.org/profile/city/428
Gun Barrel City,Henderson,6506,50348,32.3309699,-96.1515623,"[32.3309699, -96.1515623]",east,https://directory.tml.org/profile/city/1136
Bulverde,Comal,6494,93487,29.7979343,-98.422892,"[29.7979343, -98.422892]",east,https://directory.tml.org/profile/city/460
Pe√±itas,Hidalgo,6340,44260,26.2306281,-98.4447412,"[26.2306281, -98.4447412]",east,https://directory.tml.org/profile/city/1450
Crockett,Houston,6307,45603,31.3177591,-95.4571905,"[31.3177591, -95.4571905]",east,https://directory.tml.org/profile/city/1216
Gladewater,Gregg,6230,57608,32.5365333,-94.9427168,"[32.5365333, -94.9427168]",east,https://directory.tml.org/profile/city/1110
White Oak,Gregg,6227,57608,32.5279235,-94.8613258,"[32.5279235, -94.8613258]",east,https://directory.tml.org/profile/city/555
Hempstead,Waller,6179,65437,30.0974405,-96.0782918,"[30.0974405, -96.0782918]",east,https://directory.tml.org/profile/city/1157
Van Alstyne,Grayson,6139,62678,33.4214995,-96.5772109,"[33.4214995, -96.5772109]",east,https://directory.tml.org/profile/city/524
Parker,Collin,6073,102119,33.0553975,-96.6219376,"[33.0553975, -96.6219376]",east,https://directory.tml.org/profile/city/1765
Krum,Denton,6062,98027,33.2615068,-97.2380725,"[33.2615068, -97.2380725]",east,https://directory.tml.org/profile/city/426
Edna,Jackson,6009,60666,28.9785947,-96.6460877,"[28.9785947, -96.6460877]",east,https://directory.tml.org/profile/city/1268
Oak Point,Denton,6009,98027,33.1901194,-96.991674,"[33.1901194, -96.991674]",east,https://directory.tml.org/profile/city/939
Everman,Tarrant,5998,71399,32.630968,-97.2891817,"[32.630968, -97.2891817]",east,https://directory.tml.org/profile/city/1067
Alvarado,Johnson,5910,76226,32.4065312,-97.2116782,"[32.4065312, -97.2116782]",east,https://directory.tml.org/profile/city/1723
Yoakum,Lavaca,5891,54421,29.2877469,-97.151931,"[29.2877469, -97.151931]",east,https://directory.tml.org/profile/city/576
Wake Village,Bowie,5841,52934,33.4267911,-94.1063014,"[33.4267911, -94.1063014]",east,https://directory.tml.org/profile/city/533
Wilmer,Dallas,5833,63549,32.5971558,-96.6872571,"[32.5971558, -96.6872571]",east,https://directory.tml.org/profile/city/563
Windcrest,Bexar,5799,63014,29.5167965,-98.3812185,"[29.5167965, -98.3812185]",east,https://directory.tml.org/profile/city/606
McGregor,McLennan,5763,58524,31.4440557,-97.4091792,"[31.4440557, -97.4091792]",east,https://directory.tml.org/profile/city/876
Elsa,Hidalgo,5664,44260,26.2934048,-97.9930588,"[26.2934048, -97.9930588]",east,https://directory.tml.org/profile/city/1277
Hutchins,Dallas,5614,63549,32.6492999,-96.7130521,"[32.6492999, -96.7130521]",east,https://directory.tml.org/profile/city/971
Justin,Denton,5597,98027,33.0848442,-97.2961286,"[33.0848442, -97.2961286]",east,https://directory.tml.org/profile/city/998
Luling,Caldwell,5545,60063,29.6805066,-97.647498,"[29.6805066, -97.647498]",east,https://directory.tml.org/profile/city/854
Brookshire,Waller,5533,65437,29.7860643,-95.9510661,"[29.7860643, -95.9510661]",east,https://directory.tml.org/profile/city/620
Rockdale,Milam,5529,53320,30.6554759,-97.0013744,"[30.6554759, -97.0013744]",east,https://directory.tml.org/profile/city/816
Sinton,San Patricio,5510,58227,28.0366818,-97.5091611,"[28.0366818, -97.5091611]",east,https://directory.tml.org/profile/city/663
Argyle,Denton,5503,98027,33.1212321,-97.1833475,"[33.1212321, -97.1833475]",east,https://directory.tml.org/profile/city/1294
Marlin,Falls,5474,46173,31.3062874,-96.8980439,"[31.3062874, -96.8980439]",east,https://directory.tml.org/profile/city/868
Rusk,Cherokee,5433,48664,31.7960064,-95.1502214,"[31.7960064, -95.1502214]",east,https://directory.tml.org/profile/city/835
Atlanta,Cass,5427,42896,33.1137419,-94.1643537,"[33.1137419, -94.1643537]",east,https://directory.tml.org/profile/city/1299
Cameron,Milam,5418,53320,30.8532454,-96.9769304,"[30.8532454, -96.9769304]",east,https://directory.tml.org/profile/city/1378
Sansom Park,Tarrant,5359,71399,32.8059619,-97.4030744,"[32.8059619, -97.4030744]",east,https://directory.tml.org/profile/city/635
Sandy Oaks[b],Bexar,5354,63014,29.1828583,-98.4070316,"[29.1828583, -98.4070316]",east,https://directory.tml.org/profile/city/69559
Nassau Bay,Harris,5164,63539,29.5446753,-95.0910413,"[29.5446753, -95.0910413]",east,https://directory.tml.org/profile/city/918
Center,Shelby,5147,43244,31.7952962,-94.1802599,"[31.7952962, -94.1802599]",east,https://directory.tml.org/profile/city/412
Giddings,Lee,5129,59469,30.1827159,-96.936371,"[30.1827159, -96.936371]",east,https://directory.tml.org/profile/city/1108
Port Isabel,Cameron,5108,46436,26.0734119,-97.2085844,"[26.0734119, -97.2085844]",east,https://directory.tml.org/profile/city/773
Hudson,Angelina,5107,50620,31.3295214,-94.7820591,"[31.3295214, -94.7820591]",east,https://directory.tml.org/profile/city/964
Terrell Hills,Bexar,5048,63014,29.4749178,-98.451232,"[29.4749178, -98.451232]",east,https://directory.tml.org/profile/city/710
Gilmer,Upshur,5029,51634,32.7287472,-94.9424379,"[32.7287472, -94.9424379]",east,https://directory.tml.org/profile/city/1109
Mineola,Wood,5017,53485,32.6631884,-95.4882896,"[32.6631884, -95.4882896]",east,https://directory.tml.org/profile/city/893
Progreso,Hidalgo,4952,44260,26.0922991,-97.9572242,"[26.0922991, -97.9572242]",east,https://directory.tml.org/profile/city/1738
Pilot Point,Denton,4886,98027,33.396503,-96.9605608,"[33.396503, -96.9605608]",east,https://directory.tml.org/profile/city/760
Morgan's Point Resort,Bell,4772,58878,31.1483719,-97.463555,"[31.1483719, -97.463555]",east,https://directory.tml.org/profile/city/904
Richwood,Brazoria,4760,82165,29.0560789,-95.4099403,"[29.0560789, -95.4099403]",east,https://directory.tml.org/profile/city/807
Lake Worth,Tarrant,4667,71399,32.8097891,-97.4427659,"[32.8097891, -97.4427659]",east,https://directory.tml.org/profile/city/1033
La Joya,Hidalgo,4660,44260,26.2470165,-98.4814092,"[26.2470165, -98.4814092]",east,https://directory.tml.org/profile/city/1929
Meadows Place,Fort Bend,4649,98070,29.6513643,-95.5880883,"[29.6513643, -95.5880883]",east,https://directory.tml.org/profile/city/879
Hallsville,Harrison,4644,56645,32.504316,-94.5740934,"[32.504316, -94.5740934]",east,https://directory.tml.org/profile/city/1142
Crandall,Kaufman,4641,73660,32.6279113,-96.4558196,"[32.6279113, -96.4558196]",east,https://directory.tml.org/profile/city/1213
Madisonville,Madison,4564,48251,30.9499111,-95.9116188,"[30.9499111, -95.9116188]",east,https://directory.tml.org/profile/city/858
Canton,Van Zandt,4561,59929,32.5565244,-95.8632996,"[32.5565244, -95.8632996]",east,https://directory.tml.org/profile/city/1381
Diboll,Angelina,4560,50620,31.1922292,-94.7807858,"[31.1922292, -94.7807858]",east,https://directory.tml.org/profile/city/1245
New Boston,Bowie,4550,52934,33.4598415,-94.4154787,"[33.4598415, -94.4154787]",east,https://directory.tml.org/profile/city/925
Hearne,Robertson,4538,50816,30.8785238,-96.5930258,"[30.8785238, -96.5930258]",east,https://directory.tml.org/profile/city/1152
Falfurrias,Brooks,4461,33460,27.2269872,-98.1441714,"[27.2269872, -98.1441714]",east,https://directory.tml.org/profile/city/1069
La Grange,Fayette,4449,64711,29.9055033,-96.876647,"[29.9055033, -96.876647]",east,https://directory.tml.org/profile/city/1023
McLendon-Chisholm,Rockwall,4431,120696,32.8423475,-96.3805389,"[32.8423475, -96.3805389]",east,https://directory.tml.org/profile/city/1970
Pittsburg,Camp,4416,51024,32.9954021,-94.9657688,"[32.9954021, -94.9657688]",east,https://directory.tml.org/profile/city/764
Ovilla,Ellis,4400,87698,32.5265264,-96.8863898,"[32.5265264, -96.8863898]",east,https://directory.tml.org/profile/city/738
Palacios,Matagorda,4357,50054,28.7080461,-96.217467,"[28.7080461, -96.217467]",east,https://directory.tml.org/profile/city/461
Caldwell,Burleson,4350,57469,30.5313152,-96.6930303,"[30.5313152, -96.6930303]",east,https://directory.tml.org/profile/city/1375
Garden Ridge,Comal,4334,93487,29.6382116,-98.3009201,"[29.6382116, -98.3009201]",east,https://directory.tml.org/profile/city/1101
Hunters Creek Village,Harris,4334,63539,29.7655848,-95.5011663,"[29.7655848, -95.5011663]",east,https://directory.tml.org/profile/city/1438
Rio Bravo,Webb,4326,50865,27.3641887,-99.4800415,"[27.3641887, -99.4800415]",east,https://directory.tml.org/profile/city/406
Whitesboro,Grayson,4291,62678,33.6562183,-96.906948,"[33.6562183, -96.906948]",east,https://directory.tml.org/profile/city/609
Mathis,San Patricio,4282,58227,28.0944558,-97.8280543,"[28.0944558, -97.8280543]",east,https://directory.tml.org/profile/city/872
Jourdanton,Atascosa,4260,57905,28.9180294,-98.5464068,"[28.9180294, -98.5464068]",east,https://directory.tml.org/profile/city/996
Spring Valley Village,Harris,4260,63539,29.7938357,-95.5004012,"[29.7938357, -95.5004012]",east,https://directory.tml.org/profile/city/679
Bellville,Austin,4209,68150,29.9502253,-96.2571858,"[29.9502253, -96.2571858]",east,https://directory.tml.org/profile/city/1325
Weston Lakes,Fort Bend,4192,98070,29.6693522,-95.9343664,"[29.6693522, -95.9343664]",east,https://directory.tml.org/profile/city/34211
Nash,Bowie,4166,52934,33.4423462,-94.130747,"[33.4423462, -94.130747]",east,https://directory.tml.org/profile/city/917
Smithville,Bastrop,4130,72809,30.0085542,-97.1594321,"[30.0085542, -97.1594321]",east,https://directory.tml.org/profile/city/666
Farmersville,Collin,4015,102119,33.1634493,-96.3599821,"[33.1634493, -96.3599821]",east,https://directory.tml.org/profile/city/1072
Wills Point,Van Zandt,3933,59929,32.7092955,-96.0083018,"[32.7092955, -96.0083018]",east,https://directory.tml.org/profile/city/562
Castle Hills,Bexar,3932,63014,29.5328603,-98.5225213,"[29.5328603, -98.5225213]",east,https://directory.tml.org/profile/city/1387
Sullivan City,Hidalgo,3903,44260,26.2775706,-98.563633,"[26.2775706, -98.563633]",east,https://directory.tml.org/profile/city/1474
Bunker Hill Village,Harris,3776,63539,29.7674508,-95.5299427,"[29.7674508, -95.5299427]",east,https://directory.tml.org/profile/city/1369
Columbus,Colorado,3714,62004,29.7066232,-96.5396933,"[29.7066232, -96.5396933]",east,https://directory.tml.org/profile/city/1198
Taylor Lake Village,Harris,3696,63539,29.5752298,-95.0502069,"[29.5752298, -95.0502069]",east,https://directory.tml.org/profile/city/704
Cockrell Hill,Dallas,3686,63549,32.7362421,-96.8869481,"[32.7362421, -96.8869481]",east,https://directory.tml.org/profile/city/1191
Shenandoah,Montgomery,3665,87831,30.1802151,-95.4557726,"[30.1802151, -95.4557726]",east,https://directory.tml.org/profile/city/656
San Diego,Duval,3655,37921,27.7639145,-98.2388953,"[27.7639145, -98.2388953]",east,https://directory.tml.org/profile/city/628
Shavano Park,Bexar,3626,63014,29.5847965,-98.5532616,"[29.5847965, -98.5532616]",east,https://directory.tml.org/profile/city/655
Groesbeck,Limestone,3622,50381,31.5243379,-96.5338693,"[31.5243379, -96.5338693]",east,https://directory.tml.org/profile/city/1133
West Columbia,Brazoria,3597,82165,29.1438582,-95.6452249,"[29.1438582, -95.6452249]",east,https://directory.tml.org/profile/city/414
Winnsboro,Wood,3562,53485,32.9573449,-95.2902224,"[32.9573449, -95.2902224]",east,https://directory.tml.org/profile/city/565
Sweeny,Brazoria,3556,82165,29.0388615,-95.6985608,"[29.0388615, -95.6985608]",east,https://directory.tml.org/profile/city/698
Clifton,Bosque,3513,56041,31.7823798,-97.5766862,"[31.7823798, -97.5766862]",east,https://directory.tml.org/profile/city/1188
Caddo Mills,Hunt,3502,58326,33.064166,-96.2284132,"[33.064166, -96.2284132]",east,https://directory.tml.org/profile/city/55
Chandler,Henderson,3476,50348,32.3079269,-95.479957,"[32.3079269, -95.479957]",east,https://directory.tml.org/profile/city/1173
Teague,Freestone,3455,48397,31.6271145,-96.283862,"[31.6271145, -96.283862]",east,https://directory.tml.org/profile/city/705
Eagle Lake,Colorado,3453,62004,29.5896836,-96.3335769,"[29.5896836, -96.3335769]",east,https://directory.tml.org/profile/city/1256
Kenedy,Karnes,3432,48470,28.8191468,-97.8486123,"[28.8191468, -97.8486123]",east,https://directory.tml.org/profile/city/1006
West Orange,Orange,3414,65908,30.0821548,-93.7582223,"[30.0821548, -93.7582223]",east,https://directory.tml.org/profile/city/547
Jarrell,Williamson,3410,96653,30.824616,-97.6043608,"[30.824616, -97.6043608]",east,https://directory.tml.org/profile/city/353
Haslet,Tarrant,3404,71399,32.9748469,-97.3477957,"[32.9748469, -97.3477957]",east,https://directory.tml.org/profile/city/1149
Magnolia,Montgomery,3349,87831,30.2093794,-95.7507815,"[30.2093794, -95.7507815]",east,https://directory.tml.org/profile/city/859
Hideaway,Smith,3296,62903,32.49042,-95.4574571,"[32.49042, -95.4574571]",east,https://directory.tml.org/profile/city/363
Port Aransas,Nueces,3277,59337,27.8339158,-97.0610994,"[27.8339158, -97.0610994]",east,https://directory.tml.org/profile/city/771
West Lake Hills,Travis,3252,84519,30.2979843,-97.8019515,"[30.2979843, -97.8019515]",east,https://directory.tml.org/profile/city/607
Beach City,Chambers,3230,89767,29.7381591,-94.8442859,"[29.7381591, -94.8442859]",east,https://directory.tml.org/profile/city/28
Grand Saline,Van Zandt,3219,59929,32.6734636,-95.7094069,"[32.6734636, -95.7094069]",east,https://directory.tml.org/profile/city/1125
Onalaska,Polk,3205,50827,30.814491,-95.1033038,"[30.814491, -95.1033038]",east,https://directory.tml.org/profile/city/950
Waller,Waller,3117,65437,30.0566085,-95.9268986,"[30.0566085, -95.9268986]",east,https://directory.tml.org/profile/city/464
Karnes City,Karnes,3112,48470,28.8849772,-97.9008355,"[28.8849772, -97.9008355]",east,https://directory.tml.org/profile/city/999
Bishop,Nueces,3101,59337,27.5861441,-97.7991636,"[27.5861441, -97.7991636]",east,https://directory.tml.org/profile/city/1335
Needville,Fort Bend,3091,98070,29.3994101,-95.8377297,"[29.3994101, -95.8377297]",east,https://directory.tml.org/profile/city/922
Piney Point Village,Harris,3075,63539,29.759951,-95.5171646,"[29.759951, -95.5171646]",east,https://directory.tml.org/profile/city/1732
Lytle,Atascosa,3052,57905,29.233294,-98.7964137,"[29.233294, -98.7964137]",east,https://directory.tml.org/profile/city/856
La Villa,Hidalgo,3004,44260,26.2986827,-97.9286117,"[26.2986827, -97.9286117]",east,https://directory.tml.org/profile/city/1930
Oak Ridge North,Montgomery,2995,87831,30.1571758,-95.4461148,"[30.1571758, -95.4461148]",east,https://directory.tml.org/profile/city/940
El Lago,Harris,2975,63539,29.5732685,-95.0429558,"[29.5732685, -95.0429558]",east,https://directory.tml.org/profile/city/1274
Poteet,Atascosa,2948,57905,29.0405241,-98.5680739,"[29.0405241, -98.5680739]",east,https://directory.tml.org/profile/city/778
Fairfield,Freestone,2901,48397,31.7246128,-96.1652481,"[31.7246128, -96.1652481]",east,https://directory.tml.org/profile/city/1068
Ferris,Ellis,2893,87698,32.5340262,-96.6655488,"[32.5340262, -96.6655488]",east,https://directory.tml.org/profile/city/1076
Wimberley,Hays,2890,79336,29.9974362,-98.0986204,"[29.9974362, -98.0986204]",east,https://directory.tml.org/profile/city/280
Taft,San Patricio,2869,58227,27.9789074,-97.3986041,"[27.9789074, -97.3986041]",east,https://directory.tml.org/profile/city/700
Brazoria,Brazoria,2840,82165,29.0444147,-95.5691126,"[29.0444147, -95.5691126]",east,https://directory.tml.org/profile/city/1353
Clarksville,Red River,2833,46134,33.6106648,-95.052722,"[33.6106648, -95.052722]",east,https://directory.tml.org/profile/city/1182
Van,Van Zandt,2816,59929,32.5248605,-95.6371839,"[32.5248605, -95.6371839]",east,https://directory.tml.org/profile/city/1066
Hallettsville,Lavaca,2733,54421,29.4438528,-96.9410929,"[29.4438528, -96.9410929]",east,https://directory.tml.org/profile/city/1140
Troy,Bell,2727,58878,31.2068421,-97.3027824,"[31.2068421, -97.3027824]",east,https://directory.tml.org/profile/city/734
Schulenburg,Fayette,2718,64711,29.6819003,-96.9030365,"[29.6819003, -96.9030365]",east,https://directory.tml.org/profile/city/641
Balcones Heights,Bexar,2711,63014,29.489263,-98.5506185,"[29.489263, -98.5506185]",east,https://directory.tml.org/profile/city/1308
Edcouch,Hidalgo,2693,44260,26.2939604,-97.9605574,"[26.2939604, -97.9605574]",east,https://directory.tml.org/profile/city/400
Godley,Johnson,2674,76226,32.449029,-97.5266886,"[32.449029, -97.5266886]",east,https://directory.tml.org/profile/city/1113
Westworth Village,Tarrant,2635,71399,32.7604796,-97.4246158,"[32.7604796, -97.4246158]",east,https://directory.tml.org/profile/city/1735
Palmhurst,Hidalgo,2590,44260,26.2584053,-98.3180711,"[26.2584053, -98.3180711]",east,https://directory.tml.org/profile/city/1762
West,McLennan,2575,58524,31.8023057,-97.0909551,"[31.8023057, -97.0909551]",east,https://directory.tml.org/profile/city/1107
Jonestown,Travis,2573,84519,30.4954748,-97.9233468,"[30.4954748, -97.9233468]",east,https://directory.tml.org/profile/city/403
Escobares,Starr,2572,33535,26.4106186,-98.9625293,"[26.4106186, -98.9625293]",east,https://directory.tml.org/profile/city/28576
Panorama Village,Montgomery,2528,87831,30.3810404,-95.4935526,"[30.3810404, -95.4935526]",east,https://directory.tml.org/profile/city/746
Daingerfield,Morris,2518,44957,33.031793,-94.7218731,"[33.031793, -94.7218731]",east,https://directory.tml.org/profile/city/1224
Hooks,Bowie,2494,52934,33.4662328,-94.2885306,"[33.4662328, -94.2885306]",east,https://directory.tml.org/profile/city/959
Combine,Kaufman,2475,73660,32.5884683,-96.5085994,"[32.5884683, -96.5085994]",east,https://directory.tml.org/profile/city/1727
El Cenizo,Webb,2451,50865,27.3321558,-99.5037134,"[27.3321558, -99.5037134]",east,https://directory.tml.org/profile/city/1490
Montgomery,Montgomery,2445,87831,30.3882613,-95.6963355,"[30.3882613, -95.6963355]",east,https://directory.tml.org/profile/city/899
Premont,Jim Wells,2429,43852,27.3605947,-98.1236151,"[27.3605947, -98.1236151]",east,https://directory.tml.org/profile/city/782
Trinity,Trinity,2417,46569,30.9463502,-95.3733874,"[30.9463502, -95.3733874]",east,https://directory.tml.org/profile/city/731
Gunter,Grayson,2400,62678,33.4478881,-96.747494,"[33.4478881, -96.747494]",east,https://directory.tml.org/profile/city/1137
Freer,Duval,2390,37921,27.8827965,-98.6177929,"[27.8827965, -98.6177929]",east,https://directory.tml.org/profile/city/1658
Nixon,Gonzales,2378,48164,29.267464,-97.7644429,"[29.267464, -97.7644429]",east,https://directory.tml.org/profile/city/933
Blue Mound,Tarrant,2331,71399,32.8565166,-97.3389061,"[32.8565166, -97.3389061]",east,https://directory.tml.org/profile/city/1340
Hedwig Village,Harris,2321,63539,29.7809441,-95.5212311,"[29.7809441, -95.5212311]",east,https://directory.tml.org/profile/city/1155
Overton,Rusk,2296,53186,32.2745983,-94.9785515,"[32.2745983, -94.9785515]",east,https://directory.tml.org/profile/city/737
Dalworthington Gardens,Tarrant,2271,71399,32.7029102,-97.155289,"[32.7029102, -97.155289]",east,https://directory.tml.org/profile/city/1228
Elmendorf,Bexar,2264,63014,29.2561693,-98.3331345,"[29.2561693, -98.3331345]",east,https://directory.tml.org/profile/city/1275
Odem,San Patricio,2250,58227,27.9505741,-97.5822172,"[27.9505741, -97.5822172]",east,https://directory.tml.org/profile/city/942
East Bernard,Wharton,2243,56522,29.5310744,-96.0710696,"[29.5310744, -96.0710696]",east,https://directory.tml.org/profile/city/230
Malakoff,Henderson,2243,50348,32.1695965,-96.0124678,"[32.1695965, -96.0124678]",east,https://directory.tml.org/profile/city/860
Tool,Henderson,2243,50348,32.2679247,-96.170252,"[32.2679247, -96.170252]",east,https://directory.tml.org/profile/city/727
Lyford,Willacy,2239,37087,26.4122916,-97.7897176,"[26.4122916, -97.7897176]",east,https://directory.tml.org/profile/city/855
Arcola,Fort Bend,2236,98070,29.4960702,-95.4657756,"[29.4960702, -95.4657756]",east,https://directory.tml.org/profile/city/1293
Pinehurst,Orange,2206,65908,30.1071543,-93.7746117,"[30.1071543, -93.7746117]",east,https://directory.tml.org/profile/city/762
Rio Hondo,Cameron,2176,46436,26.2353516,-97.5819319,"[26.2353516, -97.5819319]",east,https://directory.tml.org/profile/city/808
Shiner,Lavaca,2173,54421,29.4291304,-97.1705425,"[29.4291304, -97.1705425]",east,https://directory.tml.org/profile/city/659
Olmos Park,Bexar,2165,63014,29.4787307,-98.4878896,"[29.4787307, -98.4878896]",east,https://directory.tml.org/profile/city/946
George West,Live Oak,2159,52910,28.3325002,-98.1175054,"[28.3325002, -98.1175054]",east,https://directory.tml.org/profile/city/1107
Kountze,Hardin,2155,67183,30.3715975,-94.3124116,"[30.3715975, -94.3124116]",east,https://directory.tml.org/profile/city/1016
Roman Forest,Montgomery,2100,87831,30.1791039,-95.1624323,"[30.1791039, -95.1624323]",east,https://directory.tml.org/profile/city/623
Weimar,Colorado,2092,62004,29.7027251,-96.7807575,"[29.7027251, -96.7807575]",east,https://directory.tml.org/profile/city/542
Troup,Smith,2079,62903,32.1446035,-95.1205003,"[32.1446035, -95.1205003]",east,https://directory.tml.org/profile/city/733
Leonard,Fannin,2055,56794,33.3795549,-96.2474785,"[33.3795549, -96.2474785]",east,https://directory.tml.org/profile/city/1043
Huntington,Angelina,2051,50620,31.2776969,-94.5770539,"[31.2776969, -94.5770539]",east,https://directory.tml.org/profile/city/968
Bertram,Burnet,2016,72510,30.7437957,-98.0555763,"[30.7437957, -98.0555763]",east,https://directory.tml.org/profile/city/1330
Kirbyville,Jasper,2015,50038,30.658698,-93.8939722,"[30.658698, -93.8939722]",east,https://directory.tml.org/profile/city/1013
Little River-Academy,Bell,1996,58878,30.9862937,-97.3586138,"[30.9862937, -97.3586138]",east,https://directory.tml.org/profile/city/1952
Ganado,Jackson,1994,60666,29.0405363,-96.5135831,"[29.0405363, -96.5135831]",east,https://directory.tml.org/profile/city/1100
Shepherd,San Jacinto,1985,52302,30.4977012,-94.9966213,"[30.4977012, -94.9966213]",east,https://directory.tml.org/profile/city/657
Quitman,Wood,1983,53485,32.7959605,-95.4510641,"[32.7959605, -95.4510641]",east,https://directory.tml.org/profile/city/792
Cooper,Delta,1982,50329,33.3734427,-95.6882925,"[33.3734427, -95.6882925]",east,https://directory.tml.org/profile/city/1204
West Tawakoni,Hunt,1971,58326,32.9035592,-96.0381128,"[32.9035592, -96.0381128]",east,https://directory.tml.org/profile/city/548
Krugerville,Denton,1970,98027,33.2815064,-96.9905628,"[33.2815064, -96.9905628]",east,https://directory.tml.org/profile/city/1927
Anahuac,Chambers,1956,89767,29.7730001,-94.6826961,"[29.7730001, -94.6826961]",east,https://directory.tml.org/profile/city/1283
Waskom,Harrison,1933,56645,32.4787644,-94.0596305,"[32.4787644, -94.0596305]",east,https://directory.tml.org/profile/city/537
Grandview,Johnson,1904,76226,32.2704245,-97.1791759,"[32.2704245, -97.1791759]",east,https://directory.tml.org/profile/city/1126
Meadowlakes,Burnet,1901,72510,30.5624118,-98.2964118,"[30.5624118, -98.2964118]",east,https://directory.tml.org/profile/city/1376
San Augustine,San Augustine,1885,43335,31.5296413,-94.1119678,"[31.5296413, -94.1119678]",east,https://directory.tml.org/profile/city/626
Blanco,Blanco,1883,69247,30.0979862,-98.4214095,"[30.0979862, -98.4214095]",east,https://directory.tml.org/profile/city/1336
Beverly Hills,McLennan,1871,58524,31.5215557,-97.1538919,"[31.5215557, -97.1538919]",east,https://directory.tml.org/profile/city/1331
Splendora,Montgomery,1867,87831,30.2329914,-95.1610438,"[30.2329914, -95.1610438]",east,https://directory.tml.org/profile/city/677
Woodcreek,Hays,1852,79336,30.0282683,-98.1111211,"[30.0282683, -98.1111211]",east,https://directory.tml.org/profile/city/1874
Jefferson,Marion,1850,43178,32.7573626,-94.3451926,"[32.7573626, -94.3451926]",east,https://directory.tml.org/profile/city/989
Mart,McLennan,1846,58524,31.5423911,-96.8336015,"[31.5423911, -96.8336015]",east,https://directory.tml.org/profile/city/419
Southside Place,Harris,1845,63539,29.7060634,-95.4368849,"[29.7060634, -95.4368849]",east,https://directory.tml.org/profile/city/675
Johnson City,Blanco,1826,69247,30.2767408,-98.4119811,"[30.2767408, -98.4119811]",east,https://directory.tml.org/profile/city/993
Buffalo,Leon,1821,51582,31.4637866,-96.0580197,"[31.4637866, -96.0580197]",east,https://directory.tml.org/profile/city/1368
Sour Lake,Hardin,1821,67183,30.1402122,-94.4110239,"[30.1402122, -94.4110239]",east,https://directory.tml.org/profile/city/671
Linden,Cass,1814,42896,33.0123537,-94.3654707,"[33.0123537, -94.3654707]",east,https://directory.tml.org/profile/city/1051
Patton Village,Montgomery,1806,87831,30.1947464,-95.1731446,"[30.1947464, -95.1731446]",east,https://directory.tml.org/profile/city/751
Somerset,Bexar,1800,63014,29.2261908,-98.6576938,"[29.2261908, -98.6576938]",east,https://directory.tml.org/profile/city/668
Kemah,Galveston,1792,77627,29.5427297,-95.0204837,"[29.5427297, -95.0204837]",east,https://directory.tml.org/profile/city/1004
Yorktown,DeWitt,1789,54279,28.9810888,-97.5027719,"[28.9810888, -97.5027719]",east,https://directory.tml.org/profile/city/577
Lorena,McLennan,1780,58524,31.3865592,-97.2155596,"[31.3865592, -97.2155596]",east,https://directory.tml.org/profile/city/847
Itasca,Hill,1767,52495,32.1595947,-97.1500074,"[32.1595947, -97.1500074]",east,https://directory.tml.org/profile/city/983
Honey Grove,Fannin,1760,56794,33.5834377,-95.9099681,"[33.5834377, -95.9099681]",east,https://directory.tml.org/profile/city/958
Bayou Vista,Galveston,1756,77627,29.3263467,-94.9385339,"[29.3263467, -94.9385339]",east,https://directory.tml.org/profile/city/1564
Uhland,Hays,1751,79336,29.9577184,-97.7861137,"[29.9577184, -97.7861137]",east,https://directory.tml.org/profile/city/1573
Gregory,San Patricio,1731,58227,27.9222444,-97.2899915,"[27.9222444, -97.2899915]",east,https://directory.tml.org/profile/city/1132
Franklin,Robertson,1728,50816,31.0260194,-96.4852444,"[31.0260194, -96.4852444]",east,https://directory.tml.org/profile/city/1087
Lowry Crossing,Collin,1699,102119,33.1548392,-96.5472113,"[33.1548392, -96.5472113]",east,https://directory.tml.org/profile/city/1516
Goliad,Goliad,1683,58937,28.6683252,-97.3883265,"[28.6683252, -97.3883265]",east,https://directory.tml.org/profile/city/1115
Danbury,Brazoria,1662,82165,29.2282966,-95.3449365,"[29.2282966, -95.3449365]",east,https://directory.tml.org/profile/city/1229
Oak Leaf,Ellis,1651,87698,32.5204155,-96.8547217,"[32.5204155, -96.8547217]",east,https://directory.tml.org/profile/city/1655
Bartlett,Williamson,1613,96653,30.7949121,-97.4255583,"[30.7949121, -97.4255583]",east,https://directory.tml.org/profile/city/1314
Moody,McLennan,1601,58524,31.3082273,-97.3613977,"[31.3082273, -97.3613977]",east,https://directory.tml.org/profile/city/900
Newton,Newton,1593,44030,30.8485724,-93.7600658,"[30.8485724, -93.7600658]",east,https://directory.tml.org/profile/city/931
Charlotte,Atascosa,1575,57905,28.8619201,-98.7064121,"[28.8619201, -98.7064121]",east,https://directory.tml.org/profile/city/1174
Brookside Village,Brazoria,1573,82165,29.5868996,-95.3252152,"[29.5868996, -95.3252152]",east,https://directory.tml.org/profile/city/1435
Cottonwood Shores,Burnet,1557,72510,30.5557453,-98.3239126,"[30.5557453, -98.3239126]",east,https://directory.tml.org/profile/city/585
Hughes Springs,Cass,1549,42896,32.998462,-94.6307585,"[32.998462, -94.6307585]",east,https://directory.tml.org/profile/city/966
Three Rivers,Live Oak,1545,52910,28.4602717,-98.1825071,"[28.4602717, -98.1825071]",east,https://directory.tml.org/profile/city/720
Shoreacres,Harris,1524,63539,29.6202287,-95.009928,"[29.6202287, -95.009928]",east,https://directory.tml.org/profile/city/660
De Kalb,Bowie,1485,52934,33.5087256,-94.616319,"[33.5087256, -94.616319]",east,https://directory.tml.org/profile/city/1235
Quinlan,Hunt,1478,58326,32.9103474,-96.1344371,"[32.9103474, -96.1344371]",east,https://directory.tml.org/profile/city/789
Woodbranch,Montgomery,1476,87831,30.1810485,-95.1888218,"[30.1810485, -95.1888218]",east,https://directory.tml.org/profile/city/569
Grapeland,Houston,1475,45603,31.4936922,-95.4789863,"[31.4936922, -95.4789863]",east,https://directory.tml.org/profile/city/1129
Kerens,Navarro,1474,51015,32.1332079,-96.2277529,"[32.1332079, -96.2277529]",east,https://directory.tml.org/profile/city/411
Stockdale,Wilson,1467,78794,29.2369085,-97.9600035,"[29.2369085, -97.9600035]",east,https://directory.tml.org/profile/city/687
Bruceville-Eddy,McLennan,1450,58524,31.3169281,-97.2431361,"[31.3169281, -97.2431361]",east,https://directory.tml.org/profile/city/1726
Seven Points,Henderson,1432,50348,32.3204226,-96.2130315,"[32.3204226, -96.2130315]",east,https://directory.tml.org/profile/city/651
Rollingwood,Travis,1428,84519,30.2768742,-97.7911175,"[30.2768742, -97.7911175]",east,https://directory.tml.org/profile/city/821
Blossom,Lamar,1422,50787,33.6614962,-95.3857864,"[33.6614962, -95.3857864]",east,https://directory.tml.org/profile/city/1339
Plum Grove,Liberty,1422,57174,30.2146577,-95.0949311,"[30.2146577, -95.0949311]",east,https://directory.tml.org/profile/city/1774
Wolfe City,Hunt,1421,58326,33.3706695,-96.0687562,"[33.3706695, -96.0687562]",east,https://directory.tml.org/profile/city/568
Hubbard,Hill,1420,52495,31.8484935,-96.797215,"[31.8484935, -96.797215]",east,https://directory.tml.org/profile/city/963
Meridian,Bosque,1415,56041,31.9232085,-97.6566894,"[31.9232085, -97.6566894]",east,https://directory.tml.org/profile/city/884
Naples,Morris,1404,44957,33.2031774,-94.6802055,"[33.2031774, -94.6802055]",east,https://directory.tml.org/profile/city/916
Lone Star,Morris,1401,44957,32.9440186,-94.7071506,"[32.9440186, -94.7071506]",east,https://directory.tml.org/profile/city/425
Queen City,Cass,1394,42896,33.1487411,-94.150187,"[33.1487411, -94.150187]",east,https://directory.tml.org/profile/city/788
Ivanhoe,Tyler,1377,46955,30.6803065,-94.4148912,"[30.6803065, -94.4148912]",east,https://directory.tml.org/profile/city/47876
Palm Valley,Cameron,1376,46436,26.2017415,-97.7541602,"[26.2017415, -97.7541602]",east,https://directory.tml.org/profile/city/1572
Somerville,Burleson,1364,57469,30.3460432,-96.5283022,"[30.3460432, -96.5283022]",east,https://directory.tml.org/profile/city/669
Tatum,Rusk,1364,53186,32.3159894,-94.5165913,"[32.3159894, -94.5165913]",east,https://directory.tml.org/profile/city/702
Hawkins,Wood,1351,53485,32.5884735,-95.2041135,"[32.5884735, -95.2041135]",east,https://directory.tml.org/profile/city/1150
Emory,Rains,1344,57294,32.874566,-95.7655183,"[32.874566, -95.7655183]",east,https://directory.tml.org/profile/city/1278
Thorndale,Milam,1344,53320,30.6138101,-97.2055482,"[30.6138101, -97.2055482]",east,https://directory.tml.org/profile/city/717
Wallis,Austin,1341,68150,29.6313486,-96.0652362,"[29.6313486, -96.0652362]",east,https://directory.tml.org/profile/city/534
Nevada,Collin,1324,102119,33.0423409,-96.3738721,"[33.0423409, -96.3738721]",east,https://directory.tml.org/profile/city/1730
Rosebud,Falls,1318,46173,31.0729608,-96.9785993,"[31.0729608, -96.9785993]",east,https://directory.tml.org/profile/city/825
Old River-Winfree,Chambers,1312,89767,29.8682764,-94.8327007,"[29.8682764, -94.8327007]",east,https://directory.tml.org/profile/city/945
Natalia,Medina,1307,62907,29.189684,-98.8625269,"[29.189684, -98.8625269]",east,https://directory.tml.org/profile/city/919
Valley Mills,Bosque,1282,56041,31.6593282,-97.472238,"[31.6593282, -97.472238]",east,https://directory.tml.org/profile/city/521
China,Jefferson,1273,55575,30.047992,-94.3357433,"[30.047992, -94.3357433]",east,https://directory.tml.org/profile/city/1178
Brownsboro,Henderson,1270,50348,32.3023706,-95.6135715,"[32.3023706, -95.6135715]",east,https://directory.tml.org/profile/city/45
Clear Lake Shores,Galveston,1266,77627,29.547452,-95.0321506,"[29.547452, -95.0321506]",east,https://directory.tml.org/profile/city/1185
Kemp,Kaufman,1262,73660,32.4426403,-96.2299771,"[32.4426403, -96.2299771]",east,https://directory.tml.org/profile/city/1005
Gholson,McLennan,1239,58524,31.7009962,-97.2163956,"[31.7009962, -97.2163956]",east,https://directory.tml.org/profile/city/120
Rice,Navarro,1236,51015,32.2437586,-96.4985966,"[32.2437586, -96.4985966]",east,https://directory.tml.org/profile/city/1519
Kempner,Lampasas,1235,64401,31.081007,-98.0025249,"[31.081007, -98.0025249]",east,https://directory.tml.org/profile/city/591
La Vernia,Wilson,1233,78794,29.356348,-98.1155633,"[29.356348, -98.1155633]",east,https://directory.tml.org/profile/city/1040
Martindale,Caldwell,1225,60063,29.8454994,-97.8408364,"[29.8454994, -97.8408364]",east,https://directory.tml.org/profile/city/1659
La Grulla,Starr,1207,33535,26.2695148,-98.6472456,"[26.2695148, -98.6472456]",east,https://directory.tml.org/profile/city/1928
Blue Ridge,Collin,1199,102119,33.2978909,-96.4016498,"[33.2978909, -96.4016498]",east,https://directory.tml.org/profile/city/1341
Oyster Creek,Brazoria,1199,82165,29.0030239,-95.3318823,"[29.0030239, -95.3318823]",east,https://directory.tml.org/profile/city/739
Florence,Williamson,1196,96653,30.8412954,-97.7936268,"[30.8412954, -97.7936268]",east,https://directory.tml.org/profile/city/1078
Von Ormy,Bexar,1195,63014,29.2799247,-98.6539275,"[29.2799247, -98.6539275]",east,https://directory.tml.org/profile/city/42012
Cut and Shoot,Montgomery,1185,87831,30.3332654,-95.357994,"[30.3332654, -95.357994]",east,https://directory.tml.org/profile/city/1599
Granger,Williamson,1185,96653,30.7176929,-97.44278,"[30.7176929, -97.44278]",east,https://directory.tml.org/profile/city/1127
Orange Grove,Jim Wells,1185,43852,27.9566843,-97.9369447,"[27.9566843, -97.9369447]",east,https://directory.tml.org/profile/city/735
La Coste,Medina,1169,62907,29.309388,-98.8114707,"[29.309388, -98.8114707]",east,https://directory.tml.org/profile/city/610
Rio Vista,Johnson,1168,76226,32.2334808,-97.3744605,"[32.2334808, -97.3744605]",east,https://directory.tml.org/profile/city/809
Benavides,Duval,1160,37921,27.5989194,-98.4080661,"[27.5989194, -98.4080661]",east,https://directory.tml.org/profile/city/32
Ore City,Upshur,1155,51634,32.8001354,-94.7207634,"[32.8001354, -94.7207634]",east,https://directory.tml.org/profile/city/736
Eustace,Henderson,1150,50348,32.3070902,-96.0066353,"[32.3070902, -96.0066353]",east,https://directory.tml.org/profile/city/1065
Bogata,Red River,1087,46134,33.4706655,-95.2138351,"[33.4706655, -95.2138351]",east,https://directory.tml.org/profile/city/1344
Jamaica Beach,Galveston,1066,77627,29.189684,-94.9796456,"[29.189684, -94.9796456]",east,https://directory.tml.org/profile/city/987
Marion,Guadalupe,1066,80145,29.5709655,-98.1420491,"[29.5709655, -98.1420491]",east,https://directory.tml.org/profile/city/867
Ames,Liberty,1064,57174,30.0538261,-94.7435327,"[30.0538261, -94.7435327]",east,https://directory.tml.org/profile/city/1437
Southmayd,Grayson,1063,62678,33.6303847,-96.7691635,"[33.6303847, -96.7691635]",east,https://directory.tml.org/profile/city/1809
Riesel,McLennan,1058,58524,31.4748925,-96.9233257,"[31.4748925, -96.9233257]",east,https://directory.tml.org/profile/city/1786
Bevil Oaks,Jefferson,1045,55575,30.1502123,-94.2696305,"[30.1502123, -94.2696305]",east,https://directory.tml.org/profile/city/35
Daisetta,Liberty,1039,57174,30.1132688,-94.642975,"[30.1132688, -94.642975]",east,https://directory.tml.org/profile/city/1225
Hemphill,Sabine,1031,46233,31.3417042,-93.8479108,"[31.3417042, -93.8479108]",east,https://directory.tml.org/profile/city/1156
Seadrift,Calhoun,997,70662,28.4152807,-96.7135933,"[28.4152807, -96.7135933]",east,https://directory.tml.org/profile/city/644
Timpson,Shelby,996,43244,31.9060697,-94.3971134,"[31.9060697, -94.3971134]",east,https://directory.tml.org/profile/city/723
Lakeport,Gregg,987,57608,32.4090405,-94.7052099,"[32.4090405, -94.7052099]",east,https://directory.tml.org/profile/city/1027
New London,Rusk,976,53186,32.2387667,-94.9404949,"[32.2387667, -94.9404949]",east,https://directory.tml.org/profile/city/929
Maud,Bowie,973,52934,33.3329014,-94.3426964,"[33.3329014, -94.3426964]",east,https://directory.tml.org/profile/city/873
Calvert,Robertson,965,50816,30.9779651,-96.6738627,"[30.9779651, -96.6738627]",east,https://directory.tml.org/profile/city/1377
Tom Bean,Grayson,964,62678,33.5201081,-96.4838749,"[33.5201081, -96.4838749]",east,https://directory.tml.org/profile/city/726
Mustang Ridge,Travis,962,84519,30.0568828,-97.6911124,"[30.0568828, -97.6911124]",east,https://directory.tml.org/profile/city/579
New Waverly,Walker,956,43012,30.5377007,-95.483276,"[30.5377007, -95.483276]",east,https://directory.tml.org/profile/city/932
Arp,Smith,954,62903,32.2254332,-95.0577207,"[32.2254332, -95.0577207]",east,https://directory.tml.org/profile/city/1296
Waelder,Gonzales,948,48164,29.6952312,-97.2986015,"[29.6952312, -97.2986015]",east,https://directory.tml.org/profile/city/532
Hill Country Village,Bexar,946,63014,29.5865734,-98.4879281,"[29.5865734, -98.4879281]",east,https://directory.tml.org/profile/city/421
Maypearl,Ellis,942,87698,32.3114105,-97.0149292,"[32.3114105, -97.0149292]",east,https://directory.tml.org/profile/city/1968
East Mountain,Upshur,935,51634,32.5937539,-94.8554918,"[32.5937539, -94.8554918]",east,https://directory.tml.org/profile/city/1261
Omaha,Morris,935,44957,33.180677,-94.7440964,"[33.180677, -94.7440964]",east,https://directory.tml.org/profile/city/949
Centerville,Leon,932,51582,31.2579584,-95.978292,"[31.2579584, -95.978292]",east,https://directory.tml.org/profile/city/1172
Red Lick,Bowie,931,52934,33.4834802,-94.1641741,"[33.4834802, -94.1641741]",east,https://directory.tml.org/profile/city/1505
Groveton,Trinity,922,46569,31.0553605,-95.1266751,"[31.0553605, -95.1266751]",east,https://directory.tml.org/profile/city/1679
Pineland,Sabine,898,46233,31.2507519,-93.9734065,"[31.2507519, -93.9734065]",east,https://directory.tml.org/profile/city/763
East Tawakoni,Rains,883,57294,32.8842886,-95.9291335,"[32.8842886, -95.9291335]",east,https://directory.tml.org/profile/city/1262
Bremond,Robertson,872,50816,31.1651817,-96.6769217,"[31.1651817, -96.6769217]",east,https://directory.tml.org/profile/city/1355
New Summerfield,Cherokee,871,48664,31.9807226,-95.0938322,"[31.9807226, -95.0938322]",east,https://directory.tml.org/profile/city/930
Thrall,Williamson,861,96653,30.5904772,-97.2969402,"[30.5904772, -97.2969402]",east,https://directory.tml.org/profile/city/719
Trinidad,Henderson,856,50348,32.1440417,-96.0910813,"[32.1440417, -96.0910813]",east,https://directory.tml.org/profile/city/730
Coldspring,San Jacinto,854,52302,30.592606,-95.1293175,"[30.592606, -95.1293175]",east,https://directory.tml.org/profile/city/70
Redwater,Bowie,847,52934,33.3581802,-94.2543607,"[33.3581802, -94.2543607]",east,https://directory.tml.org/profile/city/588
Celeste,Hunt,843,58326,33.2942917,-96.1952061,"[33.2942917, -96.1952061]",east,https://directory.tml.org/profile/city/1171
Walnut Springs,Bosque,842,56041,32.0576479,-97.749471,"[32.0576479, -97.749471]",east,https://directory.tml.org/profile/city/535
Hardin,Liberty,828,57174,30.1524348,-94.739089,"[30.1524348, -94.739089]",east,https://directory.tml.org/profile/city/1893
Garrison,Nacogdoches,819,46970,31.8240279,-94.4908377,"[31.8240279, -94.4908377]",east,https://directory.tml.org/profile/city/1103
Hilshire Village,Harris,808,63539,29.7907833,-95.4891081,"[29.7907833, -95.4891081]",east,https://directory.tml.org/profile/city/952
Jewett,Leon,808,51582,31.3615664,-96.1441315,"[31.3615664, -96.1441315]",east,https://directory.tml.org/profile/city/991
Santa Clara,Guadalupe,807,80145,29.5755755,-98.1660074,"[29.5755755, -98.1660074]",east,https://directory.tml.org/profile/city/470
Trenton,Fannin,796,56794,33.4306652,-96.3385926,"[33.4306652, -96.3385926]",east,https://directory.tml.org/profile/city/729
Knollwood,Grayson,790,62678,33.6895497,-96.6191596,"[33.6895497, -96.6191596]",east,https://directory.tml.org/profile/city/1672
Clarksville City,Gregg,778,57608,32.5295896,-94.9029937,"[32.5295896, -94.9029937]",east,https://directory.tml.org/profile/city/1183
Point,Rains,777,57294,32.9315089,-95.8713542,"[32.9315089, -95.8713542]",east,https://directory.tml.org/profile/city/903
Valley View,Cooke,777,58060,33.4881671,-97.1650128,"[33.4881671, -97.1650128]",east,https://directory.tml.org/profile/city/522
Log Cabin,Henderson,771,50348,32.2223716,-96.0219132,"[32.2223716, -96.0219132]",east,https://directory.tml.org/profile/city/583
Ector,Fannin,770,56794,33.5773281,-96.2733145,"[33.5773281, -96.2733145]",east,https://directory.tml.org/profile/city/1263
Lone Oak,Hunt,742,58326,32.9968197,-95.9401641,"[32.9968197, -95.9401641]",east,https://directory.tml.org/profile/city/427
Beckville,Panola,737,54244,32.2429366,-94.4554782,"[32.2429366, -94.4554782]",east,https://directory.tml.org/profile/city/30
Savoy,Fannin,735,56794,33.5992726,-96.3666506,"[33.5992726, -96.3666506]",east,https://directory.tml.org/profile/city/639
Pecan Hill,Ellis,734,87698,32.4865278,-96.7858299,"[32.4865278, -96.7858299]",east,https://directory.tml.org/profile/city/1737
Joaquin,Shelby,730,43244,31.9665156,-94.0562968,"[31.9665156, -94.0562968]",east,https://directory.tml.org/profile/city/992
Weir,Williamson,720,96653,30.6749425,-97.5861701,"[30.6749425, -97.5861701]",east,https://directory.tml.org/profile/city/1734
Lakewood Village,Denton,706,98027,33.1435505,-96.9721003,"[33.1435505, -96.9721003]",east,https://directory.tml.org/profile/city/1032
Cumby,Hopkins,699,56680,33.1373366,-95.8394083,"[33.1373366, -95.8394083]",east,https://directory.tml.org/profile/city/1223
New Berlin,Guadalupe,699,80145,29.4680587,-98.0973802,"[29.4680587, -98.0973802]",east,https://directory.tml.org/profile/city/924
Burke,Angelina,697,50620,31.2313075,-94.7688688,"[31.2313075, -94.7688688]",east,https://directory.tml.org/profile/city/51
Mountain City,Hays,687,79336,30.037159,-97.8869497,"[30.037159, -97.8869497]",east,https://directory.tml.org/profile/city/1988
Agua Dulce,Nueces,678,59337,27.781692,-97.9086105,"[27.781692, -97.9086105]",east,https://directory.tml.org/profile/city/1713
Niederwald,Hays,673,79336,30.009384,-97.7280573,"[30.009384, -97.7280573]",east,https://directory.tml.org/profile/city/1654
Point Blank,San Jacinto,673,52302,30.7477925,-95.218959,"[30.7477925, -95.218959]",east,https://directory.tml.org/profile/city/1531
Surfside Beach,Brazoria,668,82165,28.9516604,-95.2875474,"[28.9516604, -95.2875474]",east,https://directory.tml.org/profile/city/697
Driscoll,Nueces,665,59337,27.6744741,-97.7486072,"[27.6744741, -97.7486072]",east,https://directory.tml.org/profile/city/1252
Golinda,Falls,657,46173,31.3776722,-97.0827751,"[31.3776722, -97.0827751]",east,https://directory.tml.org/profile/city/121
Simonton,Fort Bend,656,98070,29.679402,-95.977178,"[29.679402, -95.977178]",east,https://directory.tml.org/profile/city/1805
Lott,Falls,651,46173,31.203512,-97.0366591,"[31.203512, -97.0366591]",east,https://directory.tml.org/profile/city/1174
Bardwell,Ellis,650,87698,32.2690354,-96.6961027,"[32.2690354, -96.6961027]",east,https://directory.tml.org/profile/city/26
Beasley,Fort Bend,644,98070,29.4974636,-95.9180099,"[29.4974636, -95.9180099]",east,https://directory.tml.org/profile/city/1319
Sunset Valley,Travis,643,84519,30.2285878,-97.8150412,"[30.2285878, -97.8150412]",east,https://directory.tml.org/profile/city/696
New Chapel Hill,Smith,639,62903,32.3051516,-95.1730025,"[32.3051516, -95.1730025]",east,https://directory.tml.org/profile/city/1999
Frost,Navarro,636,51015,32.0801526,-96.8066611,"[32.0801526, -96.8066611]",east,https://directory.tml.org/profile/city/1095
Noonday,Smith,623,62903,32.2356362,-95.4066572,"[32.2356362, -95.4066572]",east,https://directory.tml.org/profile/city/2004
Cove,Chambers,612,89767,29.8274438,-94.8024219,"[29.8274438, -94.8024219]",east,https://directory.tml.org/profile/city/1206
Pattison,Waller,612,65437,29.8252297,-95.9949564,"[29.8252297, -95.9949564]",east,https://directory.tml.org/profile/city/750
Zavalla,Angelina,606,50620,31.1570066,-94.4175741,"[31.1570066, -94.4175741]",east,https://directory.tml.org/profile/city/578
Ingleside on the Bay,San Patricio,597,58227,27.829352,-97.2241138,"[27.829352, -97.2241138]",east,https://directory.tml.org/profile/city/1358
Lovelady,Houston,579,45603,31.1268207,-95.44555,"[31.1268207, -95.44555]",east,https://directory.tml.org/profile/city/850
Campbell,Hunt,571,58326,33.149386,-95.9513214,"[33.149386, -95.9513214]",east,https://directory.tml.org/profile/city/58
Point Comfort,Calhoun,570,70662,28.6797169,-96.5602537,"[28.6797169, -96.5602537]",east,https://directory.tml.org/profile/city/769
Cushing,Nacogdoches,569,46970,31.8169215,-94.8396428,"[31.8169215, -94.8396428]",east,https://directory.tml.org/profile/city/83
Colmesneil,Tyler,552,46955,30.9093987,-94.4226266,"[30.9093987, -94.4226266]",east,https://directory.tml.org/profile/city/1196
Appleby,Nacogdoches,551,46970,31.7162936,-94.6050183,"[31.7162936, -94.6050183]",east,https://directory.tml.org/profile/city/16
Riverside,Walker,551,43012,30.8529664,-95.4035523,"[30.8529664, -95.4035523]",east,https://directory.tml.org/profile/city/811
Roxton,Lamar,549,50787,33.5462168,-95.7257949,"[33.5462168, -95.7257949]",east,https://directory.tml.org/profile/city/1794
Deport,Lamar,547,50787,33.5262198,-95.3157832,"[33.5262198, -95.3157832]",east,https://directory.tml.org/profile/city/93
San Perlita,Willacy,542,37087,26.5011785,-97.6397111,"[26.5011785, -97.6397111]",east,https://directory.tml.org/profile/city/1797
Snook,Burleson,527,57469,30.488816,-96.4644102,"[30.488816, -96.4644102]",east,https://directory.tml.org/profile/city/667
Murchison,Henderson,523,50348,32.2784819,-95.7496858,"[32.2784819, -95.7496858]",east,https://directory.tml.org/profile/city/913
Brazos Country,Austin,518,68150,29.7538441,-96.0505136,"[29.7538441, -96.0505136]",east,https://directory.tml.org/profile/city/281
Falls City,Karnes,513,48470,28.9827507,-98.0175047,"[28.9827507, -98.0175047]",east,https://directory.tml.org/profile/city/1070
Liverpool,Brazoria,510,82165,29.2949612,-95.2788231,"[29.2949612, -95.2788231]",east,https://directory.tml.org/profile/city/1057
Star Harbor,Henderson,509,50348,32.1920951,-96.0530251,"[32.1920951, -96.0530251]",east,https://directory.tml.org/profile/city/683
Mount Enterprise,Rusk,507,53186,31.9179473,-94.6810439,"[31.9179473, -94.6810439]",east,https://directory.tml.org/profile/city/1989
Easton,Gregg,505,57608,32.3873755,-94.5829828,"[32.3873755, -94.5829828]",east,https://directory.tml.org/profile/city/101
Briaroaks,Johnson,502,76226,32.5034724,-97.3050152,"[32.5034724, -97.3050152]",east,https://directory.tml.org/profile/city/43
Pine Forest,Orange,502,65908,30.1813215,-94.0343441,"[30.1813215, -94.0343441]",east,https://directory.tml.org/profile/city/761
Fruitvale,Van Zandt,500,59929,32.6831851,-95.8032979,"[32.6831851, -95.8032979]",east,https://directory.tml.org/profile/city/113
Grey Forest,Bexar,493,63014,29.6141358,-98.6848862,"[29.6141358, -98.6848862]",east,https://directory.tml.org/profile/city/430
Talco,Titus,488,49513,33.3626129,-95.1046638,"[33.3626129, -95.1046638]",east,https://directory.tml.org/profile/city/1821
Hallsburg,McLennan,483,58524,31.5387793,-96.9561053,"[31.5387793, -96.9561053]",east,https://directory.tml.org/profile/city/1141
Plantersville[b],Grimes,483,52540,30.3329856,-95.8618958,"[30.3329856, -95.8618958]",east,https://directory.tml.org/profile/city/84531
Smiley,Gonzales,483,48164,29.2677433,-97.6358283,"[29.2677433, -97.6358283]",east,https://directory.tml.org/profile/city/1807
Nome,Jefferson,471,55575,30.03577,-94.4243572,"[30.03577, -94.4243572]",east,https://directory.tml.org/profile/city/936
Hawk Cove,Hunt,470,58326,32.8851053,-96.082225,"[32.8851053, -96.082225]",east,https://directory.tml.org/profile/city/452
Morgan,Bosque,462,56041,32.0187622,-97.6083551,"[32.0187622, -97.6083551]",east,https://directory.tml.org/profile/city/902
Union Grove,Upshur,461,51634,32.5793067,-94.9183563,"[32.5793067, -94.9183563]",east,https://directory.tml.org/profile/city/1852
Angus,Navarro,458,51015,32.0051302,-96.437309,"[32.0051302, -96.437309]",east,https://directory.tml.org/profile/city/12
Leary,Bowie,446,52934,33.460123,-94.2076945,"[33.460123, -94.2076945]",east,https://directory.tml.org/profile/city/1042
Union Valley,Hunt,441,58326,32.9272661,-96.2510323,"[32.9272661, -96.2510323]",east,https://directory.tml.org/profile/city/35940
Oglesby,Coryell,440,59718,31.4185003,-97.5072379,"[31.4185003, -97.5072379]",east,https://directory.tml.org/profile/city/1634
Creedmoor,Travis,434,84519,30.0899368,-97.7338917,"[30.0899368, -97.7338917]",east,https://directory.tml.org/profile/city/81
Winfield,Titus,418,49513,33.16734,-95.1118843,"[33.16734, -95.1118843]",east,https://directory.tml.org/profile/city/1873
Milano,Milam,417,53320,30.7104729,-96.863314,"[30.7104729, -96.863314]",east,https://directory.tml.org/profile/city/1977
San Patricio,San Patricio,413,58227,27.9544619,-97.7719419,"[27.9544619, -97.7719419]",east,https://directory.tml.org/profile/city/1798
Devers,Liberty,412,57174,30.0274371,-94.5915841,"[30.0274371, -94.5915841]",east,https://directory.tml.org/profile/city/94
Bedias,Grimes,380,52540,30.7757486,-95.949397,"[30.7757486, -95.949397]",east,https://directory.tml.org/profile/city/240
Chireno,Nacogdoches,373,46970,31.5076007,-94.3543659,"[31.5076007, -94.3543659]",east,https://directory.tml.org/profile/city/1411
Weston,Collin,370,102119,33.3490017,-96.6694368,"[33.3490017, -96.6694368]",east,https://directory.tml.org/profile/city/1867
Huxley,Shelby,362,43244,31.7612138,-93.8689522,"[31.7612138, -93.8689522]",east,https://directory.tml.org/profile/city/973
Leroy,McLennan,361,58524,31.7315517,-97.0177765,"[31.7315517, -97.0177765]",east,https://directory.tml.org/profile/city/1045
Abbott,Hill,359,52495,31.8827464,-97.0739585,"[31.8827464, -97.0739585]",east,https://directory.tml.org/profile/city/1
Edom,Van Zandt,356,59929,32.3723675,-95.6088495,"[32.3723675, -95.6088495]",east,https://directory.tml.org/profile/city/1637
Kendleton,Fort Bend,348,98070,29.4507991,-95.9946785,"[29.4507991, -95.9946785]",east,https://directory.tml.org/profile/city/1887
Sadler,Grayson,343,62678,33.6826063,-96.8483346,"[33.6826063, -96.8483346]",east,https://directory.tml.org/profile/city/1796
Reklaw,Cherokee,339,48664,31.8626716,-94.9877175,"[31.8626716, -94.9877175]",east,https://directory.tml.org/profile/city/800
Gary,Panola,338,54244,32.031272,-94.3726252,"[32.031272, -94.3726252]",east,https://directory.tml.org/profile/city/1104
Rose City,Orange,336,65908,30.1032495,-94.0520894,"[30.1032495, -94.0520894]",east,https://directory.tml.org/profile/city/1791
Gallatin,Cherokee,334,48664,31.8910032,-95.1454998,"[31.8910032, -95.1454998]",east,https://directory.tml.org/profile/city/116
Nordheim,DeWitt,334,54279,28.9210896,-97.6097188,"[28.9210896, -97.6097188]",east,https://directory.tml.org/profile/city/937
Scottsville,Harrison,334,56645,32.5404281,-94.2382471,"[32.5404281, -94.2382471]",east,https://directory.tml.org/profile/city/1888
Eureka,Navarro,333,51015,32.0126567,-96.29581,"[32.0126567, -96.29581]",east,https://directory.tml.org/profile/city/1650
Rose Hill Acres,Hardin,331,67183,30.1982667,-94.1949057,"[30.1982667, -94.1949057]",east,https://directory.tml.org/profile/city/1792
Iola,Grimes,330,52540,30.7725123,-96.0739795,"[30.7725123, -96.0739795]",east,https://directory.tml.org/profile/city/39221
Callisburg,Cooke,326,58060,33.6978844,-97.0088971,"[33.6978844, -97.0088971]",east,https://directory.tml.org/profile/city/621
Warren City,Gregg,322,57608,32.5548663,-94.8960488,"[32.5548663, -94.8960488]",east,https://directory.tml.org/profile/city/536
Orchard,Fort Bend,317,98070,29.6041269,-95.9696778,"[29.6041269, -95.9696778]",east,https://directory.tml.org/profile/city/1759
Mount Calm,Hill,301,52495,31.7562739,-96.8791613,"[31.7562739, -96.8791613]",east,https://directory.tml.org/profile/city/907
Coupland[b],Williamson,292,96653,30.4595568,-97.3899732,"[30.4595568, -97.3899732]",east,https://directory.tml.org/profile/city/62580
Ellinger[a],Fayette,290,64711,29.838582,-96.7046493,"[29.838582, -96.7046493]",east,https://directory.tml.org/profile/city/100361
Covington,Hill,289,52495,32.1784832,-97.2580677,"[32.1784832, -97.2580677]",east,https://directory.tml.org/profile/city/1212
Granjeno,Hidalgo,288,44260,26.1347979,-98.3047363,"[26.1347979, -98.3047363]",east,https://directory.tml.org/profile/city/1486
Coyote Flats[b],Johnson,285,76226,32.3641082,-97.2974123,"[32.3641082, -97.2974123]",east,https://directory.tml.org/profile/city/49605
Cranfills Gap,Bosque,282,56041,31.7737659,-97.8258601,"[31.7737659, -97.8258601]",east,https://directory.tml.org/profile/city/1215
Taylor Landing,Jefferson,281,55575,29.86222,-94.131081,"[29.86222, -94.131081]",east,https://directory.tml.org/profile/city/32856
Burton,Washington,280,66601,30.1821602,-96.5955277,"[30.1821602, -96.5955277]",east,https://directory.tml.org/profile/city/1373
Industry,Austin,277,68150,29.9724459,-96.5021927,"[29.9724459, -96.5021927]",east,https://directory.tml.org/profile/city/1478
Kennard,Houston,277,45603,31.3595701,-95.1846665,"[31.3595701, -95.1846665]",east,https://directory.tml.org/profile/city/1921
Goodrich,Polk,269,50827,30.6060537,-94.9472634,"[30.6060537, -94.9472634]",east,https://directory.tml.org/profile/city/1117
Morgan's Point,Harris,268,63539,29.6793945,-94.9899276,"[29.6793945, -94.9899276]",east,https://directory.tml.org/profile/city/903
Progreso Lakes,Hidalgo,262,44260,26.0717442,-97.958891,"[26.0717442, -97.958891]",east,https://directory.tml.org/profile/city/1777
North Cleveland,Liberty,255,57174,30.3589116,-95.0962013,"[30.3589116, -95.0962013]",east,https://directory.tml.org/profile/city/2008
Hays,Hays,249,79336,30.1227118,-97.8722281,"[30.1227118, -97.8722281]",east,https://directory.tml.org/profile/city/1151
Fayetteville,Fayette,244,64711,29.9057817,-96.6727528,"[29.9057817, -96.6727528]",east,https://directory.tml.org/profile/city/1075
Carmine,Fayette,243,64711,30.1493838,-96.6860862,"[30.1493838, -96.6860862]",east,https://directory.tml.org/profile/city/1383
Latexo,Houston,240,45603,31.394675,-95.4760213,"[31.394675, -95.4760213]",east,https://directory.tml.org/profile/city/1941
Spring Branch[b],Comal,233,93487,29.8405513,-98.4104996,"[29.8405513, -98.4104996]",east,https://directory.tml.org/profile/city/76018
Bailey,Fannin,231,56794,33.4320531,-96.1658091,"[33.4320531, -96.1658091]",east,https://directory.tml.org/profile/city/24
Barry,Navarro,230,51015,32.0993189,-96.6361002,"[32.0993189, -96.6361002]",east,https://directory.tml.org/profile/city/27
Wixon Valley,Brazos,229,50494,30.7621387,-96.3188508,"[30.7621387, -96.3188508]",east,https://directory.tml.org/profile/city/1657
Cottonwood,Kaufman,226,73660,32.4679173,-96.3891501,"[32.4679173, -96.3891501]",east,https://directory.tml.org/profile/city/1487
Sandy Point[b],Brazoria,217,82165,29.385517,-95.4810532,"[29.385517, -95.4810532]",east,https://directory.tml.org/profile/city/188
South Frydek[b],Austin,216,68150,29.7532888,-96.0882925,"[29.7532888, -96.0882925]",east,https://directory.tml.org/profile/city/94128
Anderson,Grimes,200,52540,30.4876971,-95.9924515,"[30.4876971, -95.9924515]",east,https://directory.tml.org/profile/city/1477
Ross,McLennan,200,58524,31.7184962,-97.1191695,"[31.7184962, -97.1191695]",east,https://directory.tml.org/profile/city/1218
La Ward,Jackson,192,60666,28.8438769,-96.4641388,"[28.8438769, -96.4641388]",east,https://directory.tml.org/profile/city/1931
Marquez,Leon,189,51582,31.2393469,-96.2535765,"[31.2393469, -96.2535765]",east,https://directory.tml.org/profile/city/869
Staples,Guadalupe,189,80145,29.7814011,-97.8362177,"[29.7814011, -97.8362177]",east,https://directory.tml.org/profile/city/42006
Midway,Madison,185,48251,31.0260203,-95.7505033,"[31.0260203, -95.7505033]",east,https://directory.tml.org/profile/city/594
Ravenna,Fannin,184,56794,33.6728814,-96.2416484,"[33.6728814, -96.2416484]",east,https://directory.tml.org/profile/city/1549
Pecan Gap,Delta,181,50329,33.4370521,-95.8466311,"[33.4370521, -95.8466311]",east,https://directory.tml.org/profile/city/1731
Goodlow,Navarro,176,51015,32.1088791,-96.2150328,"[32.1088791, -96.2150328]",east,https://directory.tml.org/profile/city/122
Leona,Leon,161,51582,31.1546279,-95.9691234,"[31.1546279, -95.9691234]",east,https://directory.tml.org/profile/city/1949
Moore Station,Henderson,161,50348,32.181821,-95.5669032,"[32.181821, -95.5669032]",east,https://directory.tml.org/profile/city/1987
Mobile City,Rockwall,154,120696,32.9226225,-96.4110959,"[32.9226225, -96.4110959]",east,https://directory.tml.org/profile/city/1652
Browndell,Jasper,153,50038,31.1260943,-93.9801176,"[31.1260943, -93.9801176]",east,https://directory.tml.org/profile/city/46
Kingsbury[b],Guadalupe,134,80145,29.6493102,-97.8296132,"[29.6493102, -97.8296132]",east,https://directory.tml.org/profile/city/75903
Todd Mission,Grimes,126,52540,30.2615994,-95.8302284,"[30.2615994, -95.8302284]",east,https://directory.tml.org/profile/city/1841
Austwell,Refugio,115,46695,28.3902814,-96.842208,"[28.3902814, -96.842208]",east,https://directory.tml.org/profile/city/1302
Aquilla,Hill,108,52495,31.8515484,-97.2180635,"[31.8515484, -97.2180635]",east,https://directory.tml.org/profile/city/1290
Toco,Lamar,92,50787,33.6548268,-95.6460712,"[33.6548268, -95.6460712]",east,https://directory.tml.org/profile/city/1840
Petronila,Nueces,84,59337,27.671975,-97.6358282,"[27.671975, -97.6358282]",east,https://directory.tml.org/profile/city/1451
Uncertain,Harrison,83,56645,32.7120883,-94.1212965,"[32.7120883, -94.1212965]",east,https://directory.tml.org/profile/city/1851
Sun Valley,Lamar,73,50787,33.6645513,-95.4282875,"[33.6645513, -95.4282875]",east,https://directory.tml.org/profile/city/1820
Seven Oaks,Polk,72,50827,30.8532056,-94.8552386,"[30.8532056, -94.8552386]",east,https://directory.tml.org/profile/city/1802
Dorchester,Grayson,62,62678,33.5303861,-96.6894367,"[33.5303861, -96.6894367]",east,https://directory.tml.org/profile/city/97
Dayton Lakes,Liberty,52,57174,30.1446577,-94.8221464,"[30.1446577, -94.8221464]",east,https://directory.tml.org/profile/city/1232
